<?xml version="1.0"?>
<data grt_format="2.0">
  <value _ptr_="0000023048371C50" type="list" content-type="object" content-struct-name="db.mgmt.Connection">
    <value type="object" struct-name="db.mgmt.Connection" id="{E1E7E984-5DAB-4880-921B-77B6E1F39514}" struct-checksum="0x96ba47d8">
      <link type="object" struct-name="db.mgmt.Driver" key="driver">com.mysql.rdbms.mysql.driver.native</link>
      <value type="string" key="hostIdentifier">Mysql@localhost:3306</value>
      <value type="int" key="isDefault">0</value>
      <value _ptr_="0000023048778BF0" type="dict" key="modules"/>
      <value _ptr_="00000230487781D0" type="dict" key="parameterValues">
        <value type="string" key="hostName">localhost</value>
        <value type="int" key="lastConnected">1756715743</value>
        <value type="int" key="port">3306</value>
        <value type="string" key="serverVersion">9.4.0</value>
        <value type="string" key="userName">root</value>
      </value>
      <value type="string" key="name">Local instance MySQL94</value>
      <link type="object" struct-name="GrtObject" key="owner">{193EF33C-2293-42F8-BD4C-2CE5374717A5}</link>
    </value>
  </value>
</data>
